<?xml version="1.0" encoding="UTF-8"?>
<project-private xmlns="http://www.netbeans.org/ns/project-private/1">
    <editor-bookmarks xmlns="http://www.netbeans.org/ns/editor-bookmarks/2" lastBookmarkId="0"/>
    <open-files xmlns="http://www.netbeans.org/ns/projectui-open-files/2">
        <group>
            <file>file:/Users/Arnold/Desktop/Summer%202018/csc648/project/csc648-su18-Team5/myapp/src/components/views/parts/photoHistory.js</file>
            <file>file:/Users/Arnold/Desktop/Summer%202018/csc648/project/csc648-su18-Team5/myapp/src/components/views/parts/Category.js</file>
            <file>file:/Users/Arnold/Desktop/Summer%202018/csc648/project/csc648-su18-Team5/myapp/src/components/views/parts/photoMessage.js</file>
            <file>file:/Users/Arnold/Desktop/Summer%202018/csc648/project/csc648-su18-Team5/myapp/src/components/views/Photographer.js</file>
            <file>file:/Users/Arnold/Desktop/Summer%202018/csc648/project/csc648-su18-Team5/myapp/src/components/views/parts/Profile.js</file>
            <file>file:/Users/Arnold/Desktop/Summer%202018/csc648/project/csc648-su18-Team5/myapp/src/components/views/parts/Upload.js</file>
        </group>
    </open-files>
</project-private>
